MSE,R^2,MAE,EVS
137973622055.35458,0.2814917539726669,233138.4924714434,0.28199448890991086
