MSE,R^2,MAE,EVS
89977060111.74876,0.5314375408826228,215867.32076843196,0.5321673514371883
