MSE,R^2,MAE,EVS
71762389579.15721,0.6262918382575768,183575.11801457862,0.6265841585899603
