MSE,R^2,MAE,EVS
100838842967.83119,0.47487397146699595,236817.26913424314,0.4749072860128921
