MSE,R^2,MAE,EVS
96037221953.82579,0.49987878210737235,230725.00440290134,0.49994709731153875
