MSE,R^2,MAE,EVS
75761841558.87062,0.6054643988609314,198409.85080396547,0.6055044091761363
