MSE,R^2,MAE,EVS
75951984113.56319,0.6044742025701262,198438.60735494547,0.6044819399591688
